{
  "PlayerPosition": {
    "x": 4.537337,
    "y": -1.75096154,
    "z": 0.0,
    "normalized": {
      "x": 0.9329433,
      "y": -0.360023469,
      "z": 0.0,
      "magnitude": 1.0,
      "sqrMagnitude": 1.00000012
    },
    "magnitude": 4.863465,
    "sqrMagnitude": 23.6532917
  }
}